<manifest><control namespace="grid" constructor="PAGridCustomizer" version="0.0.1" display-name-key="PAGridCustomizer" description-key="PAGridCustomizer description" control-type="virtual" api-version="1.3.4"><property name="EventName" display-name-key="EventName" description-key="EventName" of-type="SingleLine.Text" usage="bound" required="true" /><resources><code path="bundle.js" order="1" /><platform-library name="React" version="16.8.6" /><platform-library name="Fluent" version="8.29.0" /></resources><feature-usage><uses-feature name="WebAPI" required="true" /></feature-usage><built-by name="pac" version="1.22.2" /></control></manifest>